{"train_accuracy":76.47279081377933,"epoch":15,"_wandb":{"runtime":55101},"_runtime":55101,"_timestamp":1.7707609677977018e+09,"_step":14,"train_loss":0.5557718627243878}