{"train_loss":0.2609231846919098,"_wandb":{"runtime":0},"val_loss":0.977438896894455,"_step":14,"train_acc":0.8574638042935596,"val_acc":0.780828756864703,"_timestamp":1.7722446553184476e+09,"epoch":15,"_runtime":0}