{"train_loss":0.5557718627243878,"train_accuracy":76.47279081377933,"epoch":15,"_timestamp":1.7707465085359592e+09,"_step":14,"_wandb":{"runtime":8146},"_runtime":8146}